review,sentiment
"I loved this movie. It was amazing and fantastic",positive
"This movie was excellent and very entertaining",positive
"Great acting and wonderful story",positive
"I really enjoyed watching this movie",positive
"The movie was brilliant and I loved every scene",positive
"Fantastic movie with excellent performances",positive
"The story was beautiful and emotional",positive
"One of the best movies I have ever watched",positive
"Amazing direction and great acting",positive
"This movie was enjoyable and exciting",positive
"I hated this movie. It was boring and terrible",negative
"Very bad movie with a boring story",negative
"The acting was terrible and disappointing",negative
"I did not enjoy this movie at all",negative
"One of the worst movies I have ever watched",negative
"Terrible direction and poor acting",negative
"The story was boring and predictable",negative
"This movie was awful and a complete waste of time",negative
"Very disappointing movie",negative
"I regret watching this terrible movie",negative
"Absolutely fantastic movie with great characters",positive
"Wonderful movie and excellent story",positive
"Brilliant acting made this movie enjoyable",positive
"I loved the characters and the storyline",positive
"The movie was exciting from beginning to end",positive
"Great movie, I would definitely watch it again",positive
"This was a masterpiece",positive
"Very entertaining and well directed",positive
"Excellent movie with a powerful message",positive
"Beautiful cinematography and amazing acting",positive
"Awful movie with terrible acting",negative
"Very boring and disappointing movie",negative
"The movie made no sense and was poorly written",negative
"I wasted my time watching this movie",negative
"Terrible story and weak characters",negative
"This was a complete disaster",negative
"Poor direction and bad acting",negative
"I did not like this movie at all",negative
"Extremely boring movie",negative
"Not worth watching",negative
